Tarih,Ay,Haftanin_Gunu,Hafta_Sonu,Ort_Sicaklik,Birim_Fiyat_TL,Satis_Miktari_Adet
2022-01-01,1,5,1,3.8714087107789523,48.58556158171374,583
2022-01-02,1,6,1,10.012375916995603,47.75765430906416,557
2022-01-03,1,0,0,5.981768649436728,52.900718427718154,414
2022-01-04,1,1,0,6.062826678399198,49.14465419016986,407
2022-01-05,1,2,0,3.372484704042995,50.679784329915414,396
2022-01-06,1,3,0,4.354009337568528,49.72790276010694,390
2022-01-07,1,4,0,5.650059718618392,49.81568352846953,405
2022-01-08,1,5,1,5.489643519708315,52.721525821031435,488
2022-01-09,1,6,1,5.994264945152799,47.60318460929488,501
2022-01-10,1,0,0,2.197117533339301,51.65427563486829,338
2022-01-11,1,1,0,8.525372823134408,50.02898196514815,404
2022-01-12,1,2,0,6.024104124732469,49.22360189981853,408
2022-01-13,1,3,0,6.725746341290647,51.14304523081192,369
2022-01-14,1,4,0,5.3465990040080404,49.8371213837808,428
2022-01-15,1,5,1,5.851958079242258,50.42598746770648,570
2022-01-16,1,6,1,3.4373509147850903,50.14086491091861,543
2022-01-17,1,0,0,5.415384261149531,52.35182797219217,398
2022-01-18,1,1,0,8.144589691178295,51.18747916216607,353
2022-01-19,1,2,0,6.346741595323706,52.75579639087555,379
2022-01-20,1,3,0,4.6428625069985365,48.50933177031984,414
2022-01-21,1,4,0,5.576052542516709,51.34491997568967,401
2022-01-22,1,5,1,5.037617729187616,52.82429615804661,555
2022-01-23,1,6,1,6.513955256284162,46.27874074083181,534
2022-01-24,1,0,0,8.748958678164495,48.22622253104573,401
2022-01-25,1,1,0,5.194019563406456,51.69694839833005,406
2022-01-26,1,2,0,4.7908942355312885,50.51584393447381,395
2022-01-27,1,3,0,8.31787118648752,51.736914066034025,362
2022-01-28,1,4,0,4.3894222843285124,53.29265114711653,399
2022-01-29,1,5,1,6.2623694463160575,49.6491110106446,556
2022-01-30,1,6,1,6.977180004664823,53.05631630866418,580
2022-01-31,1,0,0,8.029162283964249,51.95997685867573,399
2022-02-01,2,1,0,3.929934224717244,51.791635282141165,340
2022-02-02,2,2,0,6.795120659647283,49.99233696591928,407
2022-02-03,2,3,0,4.641435277473677,51.562932595192365,413
2022-02-04,2,4,0,4.363529851689468,53.11562263387906,419
2022-02-05,2,5,1,4.293964950613658,48.01748672817681,554
2022-02-06,2,6,1,3.7824399901903263,53.95431882057323,452
2022-02-07,2,0,0,4.993934232796623,53.283537602485886,344
2022-02-08,2,1,0,3.3227685517113885,49.98745818265175,419
2022-02-09,2,2,0,1.9940739753934276,54.70032078670238,393
2022-02-10,2,3,0,3.9722564853559987,51.019085305476096,430
2022-02-11,2,4,0,8.94162737536044,55.54287930772951,378
2022-02-12,2,5,1,4.1920276283376285,52.34695379527367,511
2022-02-13,2,6,1,5.5313071390241495,54.50515496399499,519
2022-02-14,2,0,0,5.250120248983739,52.58250074506994,403
2022-02-15,2,1,0,3.2475981185678715,51.84635610735666,381
2022-02-16,2,2,0,5.8944359501977805,52.018912117471416,404
2022-02-17,2,3,0,6.615325214394934,50.77419020610069,367
2022-02-18,2,4,0,2.841879095852897,50.65037406091399,454
2022-02-19,2,5,1,3.433388319195481,48.918781945600344,522
2022-02-20,2,6,1,1.987495812616284,53.87083889905213,524
2022-02-21,2,0,0,6.5970247232887145,53.145469387665194,398
2022-02-22,2,1,0,4.895313719057384,50.24632003071586,388
2022-02-23,2,2,0,4.11261181016543,52.66788155376071,442
2022-02-24,2,3,0,3.8414233113462757,54.93002325714327,394
2022-02-25,2,4,0,3.4756931841668006,51.98065839454005,375
2022-02-26,2,5,1,8.00965646079501,51.7098471197052,507
2022-02-27,2,6,1,8.354928292869706,53.854370281091036,529
2022-02-28,2,0,0,6.1808163389961965,51.83838405814323,408
2022-03-01,3,1,0,6.590612136130085,51.646699297240254,427
2022-03-02,3,2,0,4.058246852509413,51.30680260226145,385
2022-03-03,3,3,0,8.422923469933151,50.015554156284594,359
2022-03-04,3,4,0,9.581437224853598,53.911226286130166,364
2022-03-05,3,5,1,8.70608286020438,54.21476108875537,519
2022-03-06,3,6,1,3.1105735550568125,56.45696109295096,538
2022-03-07,3,0,0,4.410246623420219,51.14362872823621,398
2022-03-08,3,1,0,7.575163152083039,51.65141226139451,363
2022-03-09,3,2,0,6.57841276098116,49.73978281636264,405
2022-03-10,3,3,0,7.445216033400033,54.856250606265505,385
2022-03-11,3,4,0,3.4202177047974374,51.056258725376296,370
2022-03-12,3,5,1,4.562063797140361,57.14864955285068,520
2022-03-13,3,6,1,3.1574450357709636,52.316481267887866,540
2022-03-14,3,0,0,7.196320865434369,51.93981935526874,398
2022-03-15,3,1,0,5.68436597814856,47.765038215377885,411
2022-03-16,3,2,0,4.662188487960843,54.722533040345674,375
2022-03-17,3,3,0,5.394408207050552,54.96323670293135,335
2022-03-18,3,4,0,9.705393495101173,57.893016737179906,431
2022-03-19,3,5,1,7.8688206097573445,56.120259619933506,585
2022-03-20,3,6,1,5.384196327081,50.147171354082325,527
2022-03-21,3,0,0,3.614095866782057,48.85672105257918,458
2022-03-22,3,1,0,10.060689024053307,54.5977958362838,340
2022-03-23,3,2,0,3.1213205001524518,46.751646458684775,414
2022-03-24,3,3,0,4.362517866359955,54.73647432848537,409
2022-03-25,3,4,0,6.916317512542966,51.93672077054058,406
2022-03-26,3,5,1,3.083559763690827,52.34464366799966,508
2022-03-27,3,6,1,8.428816142555014,53.43991100619852,512
2022-03-28,3,0,0,6.174035057407398,54.81268916528076,405
2022-03-29,3,1,0,4.884428803073177,49.68065529783565,370
2022-03-30,3,2,0,7.288641418139566,55.754796238567664,418
2022-03-31,3,3,0,5.711544232457521,51.374302900315236,400
2022-04-01,4,4,0,10.67419646805802,54.611692799629765,372
2022-04-02,4,5,1,10.099610415045902,54.71349496870884,532
2022-04-03,4,6,1,11.162269691496547,53.29528588265873,605
2022-04-04,4,0,0,10.213125055071195,53.13314394068972,393
2022-04-05,4,1,0,11.210045162858222,51.27868010017978,392
2022-04-06,4,2,0,10.381815097163754,56.24799044734756,392
2022-04-07,4,3,0,12.776393139324629,53.46199793297265,370
2022-04-08,4,4,0,8.326542887924152,50.684582584932805,415
2022-04-09,4,5,1,11.899477063507664,55.50490542190221,548
2022-04-10,4,6,1,9.290946024384805,54.15362652875941,513
2022-04-11,4,0,0,11.143093837297084,52.67733792678361,449
2022-04-12,4,1,0,11.876215385630239,54.573021090505655,400
2022-04-13,4,2,0,9.950962538666758,55.57539472686112,405
2022-04-14,4,3,0,8.129986766167532,51.49703362181147,449
2022-04-15,4,4,0,12.447715754996173,50.882425408364185,411
2022-04-16,4,5,1,6.136175152410679,56.08384941391545,517
2022-04-17,4,6,1,11.27842221849957,57.807518541048864,481
2022-04-18,4,0,0,9.273459586538495,54.784124471498274,428
2022-04-19,4,1,0,9.431814086478088,56.755933609835374,327
2022-04-20,4,2,0,8.585078596893855,55.11453314053849,343
2022-04-21,4,3,0,12.224322667012132,52.299044528963904,419
2022-04-22,4,4,0,11.463114201617671,52.74392262412897,424
2022-04-23,4,5,1,10.170532488960452,52.27105650336342,555
2022-04-24,4,6,1,7.129515475088651,54.00282761063115,566
2022-04-25,4,0,0,10.95531504609063,54.08361739155518,393
2022-04-26,4,1,0,10.383650540898334,53.396784831280655,363
2022-04-27,4,2,0,11.579420433653151,51.56880440052977,323
2022-04-28,4,3,0,11.202120922430284,51.9179190179969,382
2022-04-29,4,4,0,12.9528950635115,54.8047450287258,363
2022-04-30,4,5,1,6.338621886790639,56.28505756965978,581
2022-05-01,5,6,1,16.189944298755414,53.29854698692345,572
2022-05-02,5,0,0,12.40602211813859,56.03737434470382,396
2022-05-03,5,1,0,14.010465986016893,54.334849582552515,408
2022-05-04,5,2,0,13.652369299080364,51.628755290971085,411
2022-05-05,5,3,0,16.832516742542403,55.2538977125074,425
2022-05-06,5,4,0,16.22436120612218,54.27505968614724,411
2022-05-07,5,5,1,16.295551475402963,53.25578182256278,577
2022-05-08,5,6,1,16.044368140729908,51.52093012213431,559
2022-05-09,5,0,0,15.200848351533814,53.840086379174416,415
2022-05-10,5,1,0,16.530442110423632,52.29254690987693,455
2022-05-11,5,2,0,13.335336140796082,53.82451167550308,395
2022-05-12,5,3,0,14.19217114746736,52.543971870964754,404
2022-05-13,5,4,0,18.22023134827411,53.044267875300996,455
2022-05-14,5,5,1,12.72072251662842,58.22302179059884,505
2022-05-15,5,6,1,16.994447033874028,56.31312909548748,590
2022-05-16,5,0,0,13.050671911124407,57.524596069824334,387
2022-05-17,5,1,0,13.459328367956463,56.28392276683354,373
2022-05-18,5,2,0,14.806166719670712,54.249981061681204,370
2022-05-19,5,3,0,16.159974008598525,55.55008962094062,402
2022-05-20,5,4,0,14.766851681963637,57.38557685565672,344
2022-05-21,5,5,1,14.78436051431354,53.89787962665567,557
2022-05-22,5,6,1,11.800426174146622,58.597492644537006,570
2022-05-23,5,0,0,16.370697182835777,58.38558130676081,460
2022-05-24,5,1,0,14.521158228804419,57.50625337656444,377
2022-05-25,5,2,0,15.452531500117455,55.8887308009008,337
2022-05-26,5,3,0,18.60504965529559,59.57541986457314,410
2022-05-27,5,4,0,13.970404668303127,53.55924372157157,329
2022-05-28,5,5,1,14.950487247634522,56.12977515573937,533
2022-05-29,5,6,1,14.08805574973989,55.42711065600446,518
2022-05-30,5,0,0,17.453044642716055,57.520854700979285,384
2022-05-31,5,1,0,14.233540433908384,57.05286796150718,461
2022-06-01,6,2,0,22.428844395462548,55.25072205169122,491
2022-06-02,6,3,0,22.1029903514591,52.67629375248875,521
2022-06-03,6,4,0,21.21816268248356,55.476881203281025,521
2022-06-04,6,5,1,22.238318763588357,56.362582637256565,620
2022-06-05,6,6,1,17.638658876707737,54.77927964262254,608
2022-06-06,6,0,0,17.77638180714121,55.47410064105646,409
2022-06-07,6,1,0,16.565492804490376,60.206344370383434,406
2022-06-08,6,2,0,22.037008048015338,54.90867749193677,485
2022-06-09,6,3,0,22.111510138383945,53.95667410717328,469
2022-06-10,6,4,0,17.242546872440453,55.92408846815137,407
2022-06-11,6,5,1,19.866445687692924,54.69934079729981,641
2022-06-12,6,6,1,20.745262522006374,51.92883111346187,652
2022-06-13,6,0,0,21.39278056340755,57.52993056171896,433
2022-06-14,6,1,0,18.25509583083526,56.53714557123335,440
2022-06-15,6,2,0,18.814363484232366,55.08159087855657,439
2022-06-16,6,3,0,19.694320207847532,58.00243865868739,454
2022-06-17,6,4,0,19.51803210452616,54.93451114808822,461
2022-06-18,6,5,1,19.301738502169513,59.058183434878025,607
2022-06-19,6,6,1,21.084142622699716,55.31915469526259,677
2022-06-20,6,0,0,23.13156200057817,59.72687386330034,494
2022-06-21,6,1,0,18.674862870619496,57.32664148725699,442
2022-06-22,6,2,0,20.42683205363011,54.51248016138762,513
2022-06-23,6,3,0,20.98450977541528,53.216551517646735,531
2022-06-24,6,4,0,18.04165010071425,59.890943746243025,461
2022-06-25,6,5,1,21.10960187926708,52.327999577472035,622
2022-06-26,6,6,1,22.816374855047215,53.93741122785335,689
2022-06-27,6,0,0,16.22248398181803,54.86163117938093,422
2022-06-28,6,1,0,17.842983689256886,56.156878620334226,341
2022-06-29,6,2,0,17.69131876116052,56.27029619010242,435
2022-06-30,6,3,0,21.38975554169398,53.172712564524,535
2022-07-01,7,4,0,25.94119081747631,55.91564980545599,532
2022-07-02,7,5,1,23.087458894583424,56.996260818437754,631
2022-07-03,7,6,1,20.160109900838382,61.00384187193881,609
2022-07-04,7,0,0,21.94334405875803,57.79295172908941,507
2022-07-05,7,1,0,22.79893795050863,56.460869894362155,527
2022-07-06,7,2,0,25.19330078518747,60.06898180575072,514
2022-07-07,7,3,0,23.96613177245781,57.66249862078466,470
2022-07-08,7,4,0,26.982877502099655,58.213225242592266,584
2022-07-09,7,5,1,24.286374975887174,59.58031768411881,642
2022-07-10,7,6,1,25.42913191796013,57.28062956327453,717
2022-07-11,7,0,0,20.099787903082035,55.55028337512012,466
2022-07-12,7,1,0,18.347775255335762,59.507886477179746,448
2022-07-13,7,2,0,24.00272419898886,58.20743968193741,517
2022-07-14,7,3,0,21.696078346346205,54.956322025211726,499
2022-07-15,7,4,0,22.37185125314259,55.059507957917496,528
2022-07-16,7,5,1,24.308800914159534,59.24643614322551,655
2022-07-17,7,6,1,23.856214750479374,58.466841090704804,649
2022-07-18,7,0,0,24.66492696025983,58.34438626839704,512
2022-07-19,7,1,0,23.387703905460164,59.07203314808001,473
2022-07-20,7,2,0,24.213735072531787,58.391327430395094,510
2022-07-21,7,3,0,26.13802617403859,57.607475334548276,562
2022-07-22,7,4,0,24.711499456548562,56.47045690162445,556
2022-07-23,7,5,1,26.605389134039157,55.17768151024327,764
2022-07-24,7,6,1,22.004732318320862,56.75331134437987,690
2022-07-25,7,0,0,25.84217276473822,57.624093662835286,597
2022-07-26,7,1,0,22.68079277549129,58.65119758804157,498
2022-07-27,7,2,0,23.76846982702258,58.88426035522707,551
2022-07-28,7,3,0,24.593107734061494,59.71144346206779,510
2022-07-29,7,4,0,27.119899119646,57.451012786497024,534
2022-07-30,7,5,1,26.864316375695935,53.89955483957029,699
2022-07-31,7,6,1,21.3081568582607,57.72033640178863,582
2022-08-01,8,0,0,24.43122916056782,54.368764438053276,486
2022-08-02,8,1,0,24.856028767874438,58.41904897839949,502
2022-08-03,8,2,0,27.497890559806045,60.72632733321835,630
2022-08-04,8,3,0,24.781021423927218,56.40556838505951,505
2022-08-05,8,4,0,26.376023655721987,60.10178684697819,527
2022-08-06,8,5,1,26.67000670868202,60.20942242189473,746
2022-08-07,8,6,1,24.193000577060474,62.65841821997663,658
2022-08-08,8,0,0,26.8241151555011,60.95557461923151,560
2022-08-09,8,1,0,23.01413703062494,59.4068453520646,502
2022-08-10,8,2,0,27.770183961364456,60.06418675940308,589
2022-08-11,8,3,0,26.383049279205128,55.85089970368027,563
2022-08-12,8,4,0,24.84101048381529,58.95330005735865,495
2022-08-13,8,5,1,25.698320648093553,60.12727192888704,681
2022-08-14,8,6,1,24.34180335658458,56.339139083857184,707
2022-08-15,8,0,0,25.053196356991407,59.7242331524014,531
2022-08-16,8,1,0,26.185294599130096,58.01527520661436,505
2022-08-17,8,2,0,21.772328632329867,58.84959299609023,481
2022-08-18,8,3,0,29.269698227796873,56.837286720510704,602
2022-08-19,8,4,0,26.996779235816525,57.572228276224905,561
2022-08-20,8,5,1,25.217585444663726,58.217853624586276,716
2022-08-21,8,6,1,22.33076391994875,61.09791285116131,647
2022-08-22,8,0,0,26.702502510716013,59.060395426033466,618
2022-08-23,8,1,0,25.206447263744987,57.06793190006604,483
2022-08-24,8,2,0,27.296951054038168,60.84514171622947,569
2022-08-25,8,3,0,23.224670806687197,56.46366797175374,575
2022-08-26,8,4,0,25.515392241696343,57.072048569120945,536
2022-08-27,8,5,1,27.18082410702566,60.77402582735598,698
2022-08-28,8,6,1,25.18905117023491,59.34356690865436,675
2022-08-29,8,0,0,25.54575503710248,58.09294079301256,541
2022-08-30,8,1,0,25.22218177546941,60.47558230759313,529
2022-08-31,8,2,0,26.560469245771543,57.25316643427359,547
2022-09-01,9,3,0,24.79782289350012,60.71172291817333,503
2022-09-02,9,4,0,24.725359612298142,61.98344963637,528
2022-09-03,9,5,1,22.948293799101705,58.86697858366248,618
2022-09-04,9,6,1,21.808453532285178,58.40570815741045,656
2022-09-05,9,0,0,24.277846770594252,60.33437916052929,516
2022-09-06,9,1,0,25.160743261792774,59.606547142564,576
2022-09-07,9,2,0,22.69154921807431,56.6433913058115,539
2022-09-08,9,3,0,27.794439038331706,58.105494528556186,568
2022-09-09,9,4,0,20.851648298641877,63.92668645886937,482
2022-09-10,9,5,1,25.79364635698171,58.13870413300411,671
2022-09-11,9,6,1,27.978124581568625,59.772043914400214,749
2022-09-12,9,0,0,23.658086587476134,59.23558646434087,515
2022-09-13,9,1,0,21.79140837778883,59.12982358606369,511
2022-09-14,9,2,0,24.692237828242785,62.74529202706212,531
2022-09-15,9,3,0,24.14320614868354,60.34182233293889,490
2022-09-16,9,4,0,25.252938260534634,60.70255320856752,496
2022-09-17,9,5,1,24.673871254825748,59.392117122684525,678
2022-09-18,9,6,1,24.882164069139037,58.234437830941836,729
2022-09-19,9,0,0,22.139435918902503,65.97311951595499,455
2022-09-20,9,1,0,24.430227963062777,59.006540087638314,530
2022-09-21,9,2,0,25.4834619484459,63.150466842177764,535
2022-09-22,9,3,0,23.22868687841773,58.146699340166954,464
2022-09-23,9,4,0,20.86266975499929,57.09707767685728,510
2022-09-24,9,5,1,22.64138558726921,61.025949225676,649
2022-09-25,9,6,1,23.45191366230918,58.09242816214531,654
2022-09-26,9,0,0,24.964815178772913,62.56060880766956,517
2022-09-27,9,1,0,22.11699903931125,58.145888763813375,446
2022-09-28,9,2,0,24.676209848939866,57.764968442410066,526
2022-09-29,9,3,0,25.569949583888697,59.53968051934324,537
2022-09-30,9,4,0,24.310474190175185,57.40297971723964,520
2022-10-01,10,5,1,21.027225557181154,63.63314782890369,652
2022-10-02,10,6,1,24.240172433980256,58.14770195558426,696
2022-10-03,10,0,0,17.883290670701648,59.56152561082687,437
2022-10-04,10,1,0,21.756556765414476,61.7330608918079,426
2022-10-05,10,2,0,19.556914766184754,61.006950656655725,376
2022-10-06,10,3,0,20.11609334397899,58.988487554889275,494
2022-10-07,10,4,0,20.44650043221851,62.23534928249187,459
2022-10-08,10,5,1,19.681095956982947,60.7296963679357,603
2022-10-09,10,6,1,18.185585672297957,59.31531259907186,570
2022-10-10,10,0,0,16.09982709964727,60.92820729597709,414
2022-10-11,10,1,0,20.87242751809044,58.8880772126551,454
2022-10-12,10,2,0,20.49211988389802,63.81278504513203,428
2022-10-13,10,3,0,20.322551086963983,63.22523961739553,443
2022-10-14,10,4,0,20.626918315349368,57.8084951213817,500
2022-10-15,10,5,1,16.8276290537167,61.629418081582344,522
2022-10-16,10,6,1,20.052002400661753,61.2241588155978,614
2022-10-17,10,0,0,18.50715833680836,60.452134775765984,396
2022-10-18,10,1,0,19.702298815906683,58.26397747429843,431
2022-10-19,10,2,0,19.448230660394827,57.63986117275417,409
2022-10-20,10,3,0,18.58703691263739,61.94708232277245,423
2022-10-21,10,4,0,18.051479922384615,61.28060611233534,381
2022-10-22,10,5,1,21.370549629488586,63.4305393055033,584
2022-10-23,10,6,1,18.68528552025435,61.12595315396304,579
2022-10-24,10,0,0,18.471327692249197,60.2275570480271,416
2022-10-25,10,1,0,19.00836531489961,57.7867637151072,462
2022-10-26,10,2,0,18.91929177993044,64.06005866809653,443
2022-10-27,10,3,0,21.44430018153041,56.77436112484561,526
2022-10-28,10,4,0,22.122282407266283,59.69891413581031,426
2022-10-29,10,5,1,23.703256864500492,63.63193038678299,665
2022-10-30,10,6,1,22.389885288916336,60.378509592760096,618
2022-10-31,10,0,0,17.03884201286616,63.91746512301114,380
2022-11-01,11,1,0,14.313984495093257,60.32566603053208,332
2022-11-02,11,2,0,14.207565342002237,59.02514104957326,364
2022-11-03,11,3,0,13.776507415230624,63.27363487016318,404
2022-11-04,11,4,0,17.0484028812241,62.07763286433565,390
2022-11-05,11,5,1,13.862479965216723,62.25697708914354,491
2022-11-06,11,6,1,17.924337388554545,63.50998277626312,560
2022-11-07,11,0,0,13.142379691974213,61.602307665561035,365
2022-11-08,11,1,0,14.588916091760748,56.544545928355404,359
2022-11-09,11,2,0,14.909784251474836,59.95496173641078,376
2022-11-10,11,3,0,17.349165770427906,63.57612800561125,444
2022-11-11,11,4,0,16.80737455077988,62.28145245931272,424
2022-11-12,11,5,1,14.938638335233293,63.10833982539921,507
2022-11-13,11,6,1,15.670367856676128,60.831091788580885,543
2022-11-14,11,0,0,11.55776548254316,62.29930567058688,419
2022-11-15,11,1,0,12.71167556453878,65.10191696396183,361
2022-11-16,11,2,0,16.95435124307565,60.86045757928939,464
2022-11-17,11,3,0,13.456207250658677,60.80886330290098,405
2022-11-18,11,4,0,16.458945820655916,59.725182598104325,374
2022-11-19,11,5,1,19.07861092102159,58.83690295415706,629
2022-11-20,11,6,1,14.679345100389012,62.20082376836956,528
2022-11-21,11,0,0,17.618866919760716,64.11651257462294,447
2022-11-22,11,1,0,20.262225740652305,61.81552924399139,472
2022-11-23,11,2,0,16.378874917252116,60.96180268661788,400
2022-11-24,11,3,0,14.496388710551514,63.83622274350381,327
2022-11-25,11,4,0,12.396177100631645,61.866341063426155,430
2022-11-26,11,5,1,13.348405859945615,62.632224335278146,570
2022-11-27,11,6,1,14.476632519747303,61.65410966517044,520
2022-11-28,11,0,0,15.459000339112768,61.99326294186937,377
2022-11-29,11,1,0,19.5783161339082,59.928824127615776,433
2022-11-30,11,2,0,16.37999130180406,61.51276448311435,413
2022-12-01,12,3,0,10.769818389171501,56.78927048161835,354
2022-12-02,12,4,0,7.217180260630765,62.32852098944378,394
2022-12-03,12,5,1,10.84128940541786,62.130749581637424,544
2022-12-04,12,6,1,7.703754352790826,64.12109897055059,564
2022-12-05,12,0,0,10.725838360227035,60.29822879561788,400
2022-12-06,12,1,0,12.162561634547133,63.58888496792895,422
2022-12-07,12,2,0,9.438841977175748,61.72148557334509,369
2022-12-08,12,3,0,10.72815072340372,64.34654508734444,418
2022-12-09,12,4,0,8.48986936564243,58.46934457428504,345
2022-12-10,12,5,1,11.193678140869704,60.22449809290542,553
2022-12-11,12,6,1,8.316190904315992,63.60648997989943,519
2022-12-12,12,0,0,9.642534928316612,62.87779083372018,401
2022-12-13,12,1,0,7.558926493016006,62.18691033226689,389
2022-12-14,12,2,0,8.8101453573742,61.39254823163378,356
2022-12-15,12,3,0,10.849868918540396,67.43377762667849,391
2022-12-16,12,4,0,9.82746491670341,63.81294207263268,332
2022-12-17,12,5,1,12.480629383466816,60.46448588934544,497
2022-12-18,12,6,1,10.806999825271616,60.28454479946375,541
2022-12-19,12,0,0,6.654500846304649,60.26065301812633,375
2022-12-20,12,1,0,12.787799014990574,62.28322789113186,402
2022-12-21,12,2,0,10.034529160704981,63.1021108142175,366
2022-12-22,12,3,0,7.5564007318017605,60.063948854725716,401
2022-12-23,12,4,0,11.09861783052934,60.486833921882834,377
2022-12-24,12,5,1,11.185201689138031,63.41039736335824,497
2022-12-25,12,6,1,13.014411323711421,62.050496432901724,520
2022-12-26,12,0,0,11.696073991629113,61.93533710644517,384
2022-12-27,12,1,0,8.674345929807064,60.12670023393559,390
2022-12-28,12,2,0,10.026983986919918,64.0603169464034,352
2022-12-29,12,3,0,11.064939891663839,66.04216932902062,443
2022-12-30,12,4,0,8.869930726214283,63.329158993090594,372
2022-12-31,12,5,1,8.030381179538102,61.37817867892063,542
2023-01-01,1,6,1,4.976569078168501,63.468173977922575,513
2023-01-02,1,0,0,6.080768788121303,65.83185259766806,372
2023-01-03,1,1,0,3.903053279604009,61.31847287850202,375
2023-01-04,1,2,0,6.811952549847005,60.628058441228625,350
2023-01-05,1,3,0,2.885227202497487,60.85752654585597,412
2023-01-06,1,4,0,3.8906341610494404,59.25252971684416,370
2023-01-07,1,5,1,6.20425905905145,62.595939615072666,592
2023-01-08,1,6,1,5.19829158779453,63.575248495475336,526
2023-01-09,1,0,0,4.177628153624466,62.528007231860634,385
2023-01-10,1,1,0,6.22887857464361,64.47866521838432,330
2023-01-11,1,2,0,7.299054893213261,63.74930635205678,393
2023-01-12,1,3,0,8.818282429907109,63.95555246877117,422
2023-01-13,1,4,0,7.6637701318129485,63.547972622257376,360
2023-01-14,1,5,1,4.279679020642172,64.07232266178025,505
2023-01-15,1,6,1,6.59333445974609,62.30465650265913,490
2023-01-16,1,0,0,6.79268486182806,68.49454632119667,392
2023-01-17,1,1,0,5.211996416641494,65.684676892178,411
2023-01-18,1,2,0,6.523898850052198,65.00118464413714,409
2023-01-19,1,3,0,4.252790438548828,64.43815101602482,331
2023-01-20,1,4,0,7.83880296591439,64.46911971408191,365
2023-01-21,1,5,1,5.121796348808107,64.12399369356834,488
2023-01-22,1,6,1,1.6309875154478997,62.889215285996016,510
2023-01-23,1,0,0,7.929447834104533,61.68370186305926,361
2023-01-24,1,1,0,7.487102729528591,65.80069689849658,396
2023-01-25,1,2,0,7.5830259379949885,66.92802581565518,383
2023-01-26,1,3,0,8.226567790115016,66.72129702662292,357
2023-01-27,1,4,0,9.472748022633722,62.22106808194247,346
2023-01-28,1,5,1,5.556878978491106,64.81295851249592,494
2023-01-29,1,6,1,5.754106507173358,65.45553021455036,507
2023-01-30,1,0,0,7.302994140198392,69.50759674012522,324
2023-01-31,1,1,0,8.598213828945351,62.254544393316856,391
2023-02-01,2,2,0,7.485157821233374,61.99517299625692,368
2023-02-02,2,3,0,5.722547964330958,66.59329649025702,328
2023-02-03,2,4,0,4.244611314387083,61.708291386491204,356
2023-02-04,2,5,1,3.8417591966073656,64.25557136481018,507
2023-02-05,2,6,1,5.036011429954892,61.16185477385753,510
2023-02-06,2,0,0,7.21029490514519,63.1481988576031,344
2023-02-07,2,1,0,1.6328271655382376,60.46142776924274,416
2023-02-08,2,2,0,5.517130086135,63.718820092600645,402
2023-02-09,2,3,0,6.742681715385537,62.162029892264265,410
2023-02-10,2,4,0,8.83428003937652,64.65342016875958,374
2023-02-11,2,5,1,7.052465807714274,64.53506813434565,583
2023-02-12,2,6,1,9.249452090575375,63.04092366962587,541
2023-02-13,2,0,0,4.705803083658186,62.61880434770774,349
2023-02-14,2,1,0,2.1657821416559884,66.42368596891183,343
2023-02-15,2,2,0,3.760972076965161,67.76398716642072,391
2023-02-16,2,3,0,5.264924806164452,67.41818871392975,445
2023-02-17,2,4,0,4.341699732815849,65.01162336648105,371
2023-02-18,2,5,1,6.766767205621145,64.71447866934722,519
2023-02-19,2,6,1,5.418792398053804,67.846537681186,564
2023-02-20,2,0,0,3.4290079240550004,65.75755865719539,381
2023-02-21,2,1,0,2.698470220811118,62.326130921535224,366
2023-02-22,2,2,0,7.09426968862349,66.82596294755152,329
2023-02-23,2,3,0,3.1539003585575123,66.70587578923103,399
2023-02-24,2,4,0,6.7945090758049975,63.848988862766134,375
2023-02-25,2,5,1,7.085466193344564,62.698678014308804,539
2023-02-26,2,6,1,3.3319974049825545,64.36136044657275,542
2023-02-27,2,0,0,6.403895717199622,62.02190967944296,334
2023-02-28,2,1,0,4.757278716507983,67.53925017604182,355
2023-03-01,3,2,0,4.520113347529977,62.91259830576264,314
2023-03-02,3,3,0,5.2271607224514804,66.36386663847179,353
2023-03-03,3,4,0,7.538705986854373,68.87000565584431,357
2023-03-04,3,5,1,7.290126052802325,66.57996936288998,523
2023-03-05,3,6,1,7.928526185825813,66.3843336755439,543
2023-03-06,3,0,0,7.02311131484535,65.51403586117503,376
2023-03-07,3,1,0,9.076699289451795,65.50767510405856,435
2023-03-08,3,2,0,8.468767745513006,67.82621582348011,337
2023-03-09,3,3,0,5.749397904264153,67.56244985066874,338
2023-03-10,3,4,0,6.055955350174004,65.31988240560511,360
2023-03-11,3,5,1,6.925723318952136,66.97790369214614,460
2023-03-12,3,6,1,9.469408434829155,70.71125121220986,514
2023-03-13,3,0,0,5.223384690741465,64.9706641337639,389
2023-03-14,3,1,0,1.451494016506751,64.69829649575415,334
2023-03-15,3,2,0,3.2837404624469446,68.06831897753108,326
2023-03-16,3,3,0,6.096657035088745,61.971553050843156,346
2023-03-17,3,4,0,7.339198285295736,67.19355791490447,353
2023-03-18,3,5,1,8.238529594906339,64.20346447323065,500
2023-03-19,3,6,1,8.1410109963885,67.45921713491451,564
2023-03-20,3,0,0,5.949543332633455,66.78604992843549,370
2023-03-21,3,1,0,7.208373588776563,67.43199075621602,404
2023-03-22,3,2,0,6.604796394221624,64.21774123430887,366
2023-03-23,3,3,0,0.8689878196347349,62.15627849683226,393
2023-03-24,3,4,0,5.957169961751646,66.28621749621561,340
2023-03-25,3,5,1,9.846214041931853,67.12228575028485,515
2023-03-26,3,6,1,9.703912005685412,63.98651179920653,512
2023-03-27,3,0,0,8.606502178888412,69.696830859881,355
2023-03-28,3,1,0,8.549556919872158,66.49697990011754,355
2023-03-29,3,2,0,6.008593203693174,66.69786333098806,333
2023-03-30,3,3,0,8.518586204526393,62.698456822647294,374
2023-03-31,3,4,0,3.909172233612368,65.42883101321293,366
2023-04-01,4,5,1,10.560444380048244,65.48494541284134,510
2023-04-02,4,6,1,10.21918418738366,68.67852445500952,553
2023-04-03,4,0,0,5.500842549101909,72.17865381369694,361
2023-04-04,4,1,0,7.727788085473369,65.02661010672718,336
2023-04-05,4,2,0,12.810909947560255,68.18188287607828,356
2023-04-06,4,3,0,11.951536409125316,65.13776376861452,384
2023-04-07,4,4,0,11.23001457164296,65.99630504023933,370
2023-04-08,4,5,1,9.35489623940453,65.58168209453059,522
2023-04-09,4,6,1,10.672747133587572,67.6465324763857,490
2023-04-10,4,0,0,9.631787815326291,60.756304329172146,358
2023-04-11,4,1,0,8.373503582834168,67.19882291162314,387
2023-04-12,4,2,0,9.79336017486062,65.46200017685965,331
2023-04-13,4,3,0,7.255946140044388,65.25779731578933,384
2023-04-14,4,4,0,10.703320208320152,69.77622158374368,346
2023-04-15,4,5,1,10.023158626791218,66.75599846024227,557
2023-04-16,4,6,1,10.945037245331571,66.8402404166998,496
2023-04-17,4,0,0,9.296295095952033,62.536744769296575,415
2023-04-18,4,1,0,12.094867039903516,65.19275587307018,393
2023-04-19,4,2,0,8.972481427597428,66.79679853336302,344
2023-04-20,4,3,0,8.055720828737883,63.452996695837925,418
2023-04-21,4,4,0,6.298037834601557,66.20913586771326,406
2023-04-22,4,5,1,10.66633592162046,68.92097890207332,488
2023-04-23,4,6,1,4.655518979698615,67.0856296033609,478
2023-04-24,4,0,0,10.027666516098448,65.2753029650329,360
2023-04-25,4,1,0,12.018205669558592,67.77625569174835,361
2023-04-26,4,2,0,9.891359869175352,67.1382751938418,341
2023-04-27,4,3,0,9.130163316061305,66.32756471312108,376
2023-04-28,4,4,0,10.398704423539746,69.1191731878617,387
2023-04-29,4,5,1,8.686489599971035,64.95556627535154,521
2023-04-30,4,6,1,9.980465181245519,70.00373092373924,508
2023-05-01,5,0,0,14.63273859153557,64.88136166214767,397
2023-05-02,5,1,0,16.861135506733262,66.52532574578235,363
2023-05-03,5,2,0,17.74921637790724,66.27529521875907,425
2023-05-04,5,3,0,16.387593139314358,68.65248818221419,404
2023-05-05,5,4,0,15.110624277439777,66.16520312638238,344
2023-05-06,5,5,1,15.943520733821867,71.29582155417067,562
2023-05-07,5,6,1,16.949730441747377,63.6021358911645,586
2023-05-08,5,0,0,13.953077085432533,66.92723894653552,371
2023-05-09,5,1,0,18.344935498765505,68.02321426694365,393
2023-05-10,5,2,0,14.682133678663742,69.40817761992591,385
2023-05-11,5,3,0,13.19407546032092,69.05889172898509,383
2023-05-12,5,4,0,15.642854956454784,69.63440655372125,327
2023-05-13,5,5,1,16.23154682817051,65.32134327785512,576
2023-05-14,5,6,1,13.919361677722472,67.72381284682021,525
2023-05-15,5,0,0,13.182026802167599,64.84502580484519,357
2023-05-16,5,1,0,18.960719393492788,66.82335793686886,404
2023-05-17,5,2,0,15.774956841481018,73.85256216235423,314
2023-05-18,5,3,0,15.900690447090648,65.6943381191429,446
2023-05-19,5,4,0,16.633527480799394,70.88893847916758,407
2023-05-20,5,5,1,15.403852066279978,69.42441509409744,498
2023-05-21,5,6,1,13.634770961526929,66.41385478858551,556
2023-05-22,5,0,0,19.133253012268433,69.54919848952501,399
2023-05-23,5,1,0,11.820097710932098,70.40409057774777,332
2023-05-24,5,2,0,13.860828665454063,67.23587598327192,386
2023-05-25,5,3,0,16.087202832001616,72.087143261239,349
2023-05-26,5,4,0,16.046167937172484,70.26462082823653,369
2023-05-27,5,5,1,16.522869967505514,68.04096418444486,577
2023-05-28,5,6,1,15.128823200224724,67.3178136806876,536
2023-05-29,5,0,0,13.552554342299112,70.23002659434923,369
2023-05-30,5,1,0,17.312148500860822,67.41658184559883,433
2023-05-31,5,2,0,13.900076616943437,67.79972654212551,369
2023-06-01,6,3,0,17.197875395503807,67.1197535436854,415
2023-06-02,6,4,0,22.910490014511154,68.53348047692597,488
2023-06-03,6,5,1,17.69262232563791,65.38316890681024,537
2023-06-04,6,6,1,20.477503638277078,68.01351580266964,612
2023-06-05,6,0,0,17.086767566328025,70.8179557162439,336
2023-06-06,6,1,0,23.135808657607786,68.55684521332289,542
2023-06-07,6,2,0,18.834109167419314,64.72365709346249,467
2023-06-08,6,3,0,18.991026752035843,68.85504475386588,467
2023-06-09,6,4,0,18.650563255028292,70.4984759506368,382
2023-06-10,6,5,1,17.340798129572576,68.3208954494908,556
2023-06-11,6,6,1,19.805963914054953,70.58022883814274,561
2023-06-12,6,0,0,17.665841968952694,69.7129852301477,357
2023-06-13,6,1,0,18.37452335807563,66.40489677345279,388
2023-06-14,6,2,0,20.76580710693244,71.1242232676648,431
2023-06-15,6,3,0,19.153192614884922,66.36952647278189,386
2023-06-16,6,4,0,15.68639341772338,64.67118907561851,330
2023-06-17,6,5,1,25.45467015047264,66.49076857972892,646
2023-06-18,6,6,1,21.194030859511706,67.9547029245697,562
2023-06-19,6,0,0,20.16080709143628,69.56568976858252,388
2023-06-20,6,1,0,18.862089454778783,71.19144532105955,460
2023-06-21,6,2,0,21.206770763921494,72.55292804777734,398
2023-06-22,6,3,0,17.381444751592873,66.9503087994437,476
2023-06-23,6,4,0,17.786724754867794,67.41372196049606,412
2023-06-24,6,5,1,23.477757470556824,72.6453025525865,606
2023-06-25,6,6,1,17.536051412195093,70.85831846101932,526
2023-06-26,6,0,0,20.17197179998792,68.90176221160073,434
2023-06-27,6,1,0,19.07545078562143,68.44356924303082,404
2023-06-28,6,2,0,18.668802708050016,71.25052919040274,391
2023-06-29,6,3,0,19.32149956339849,72.43032238647892,446
2023-06-30,6,4,0,17.613644596269815,68.80063643790311,335
2023-07-01,7,5,1,22.633885439093085,72.35823786472446,617
2023-07-02,7,6,1,24.909803879959306,71.80244160292204,646
2023-07-03,7,0,0,19.67989321682935,67.80460564416157,427
2023-07-04,7,1,0,23.82960194220754,69.15880259732873,438
2023-07-05,7,2,0,20.08327751369884,66.93716958562548,432
2023-07-06,7,3,0,23.20564686310497,69.66654329936918,442
2023-07-07,7,4,0,25.63367626206367,70.73347999262602,500
2023-07-08,7,5,1,24.18698841412178,68.4770649126383,646
2023-07-09,7,6,1,25.69156296999966,68.651481778145,678
2023-07-10,7,0,0,23.08290183645305,72.07983179253904,442
2023-07-11,7,1,0,25.226649111929042,68.49766784904371,530
2023-07-12,7,2,0,26.012004117586905,70.85092681650282,567
2023-07-13,7,3,0,22.78558605880038,69.24655606764168,487
2023-07-14,7,4,0,22.947436487488254,71.12344471818983,484
2023-07-15,7,5,1,23.104198827939776,64.82323300554607,694
2023-07-16,7,6,1,24.845937903284796,68.52974464535417,690
2023-07-17,7,0,0,25.576878179123334,70.57449288944574,499
2023-07-18,7,1,0,24.446784547286022,71.68275434851343,462
2023-07-19,7,2,0,22.532077443030488,69.78160659120938,474
2023-07-20,7,3,0,23.95320213635839,70.03281328961415,468
2023-07-21,7,4,0,24.529120524413177,73.1834541505442,511
2023-07-22,7,5,1,24.122251883251685,71.08856882381096,706
2023-07-23,7,6,1,22.787038333680606,67.73728590741932,652
2023-07-24,7,0,0,28.280291062433697,70.55918273208054,549
2023-07-25,7,1,0,20.158843737481583,69.39695080240749,467
2023-07-26,7,2,0,23.614109206313508,71.11519166654206,463
2023-07-27,7,3,0,25.21006403178916,68.55923331247227,508
2023-07-28,7,4,0,25.519112669339677,67.89765128773297,486
2023-07-29,7,5,1,21.696792636483636,73.88498114565141,578
2023-07-30,7,6,1,24.09646825884512,68.36841239096582,634
2023-07-31,7,0,0,25.962569836958533,73.02012517492093,516
2023-08-01,8,1,0,29.59640206860268,70.81428820161037,538
2023-08-02,8,2,0,24.062975932534936,72.48113781163522,447
2023-08-03,8,3,0,23.85189484594879,69.83826083519962,547
2023-08-04,8,4,0,25.70844183818336,68.92045161873601,533
2023-08-05,8,5,1,25.98341864501613,72.30657254781185,680
2023-08-06,8,6,1,23.71439051823499,68.71148156939167,644
2023-08-07,8,0,0,27.441238041221155,73.38036774349533,528
2023-08-08,8,1,0,27.8882068647762,70.75375510687773,503
2023-08-09,8,2,0,26.003964989166413,73.39972146548449,480
2023-08-10,8,3,0,26.47077968080171,72.40127345776796,540
2023-08-11,8,4,0,22.197605179835698,70.88759252925036,472
2023-08-12,8,5,1,27.167803879737548,66.33443068520809,667
2023-08-13,8,6,1,25.965122001902134,69.6651404723866,699
2023-08-14,8,0,0,21.77320236742016,75.20184641519258,402
2023-08-15,8,1,0,26.617352450214536,68.28152994016709,563
2023-08-16,8,2,0,23.082248114342043,70.07824333704032,441
2023-08-17,8,3,0,24.76685537184094,73.35356298935156,444
2023-08-18,8,4,0,23.33899299164939,70.17656814981507,481
2023-08-19,8,5,1,26.04000636123848,68.41882496707392,676
2023-08-20,8,6,1,26.651298479774884,72.84396018604316,693
2023-08-21,8,0,0,24.82916380413537,68.60918614389975,526
2023-08-22,8,1,0,22.659644209996316,68.76962903862058,507
2023-08-23,8,2,0,24.357328494897235,70.09592419354273,478
2023-08-24,8,3,0,24.20621708181664,72.97318334596895,451
2023-08-25,8,4,0,20.990334814137604,69.41428302698357,433
2023-08-26,8,5,1,25.092778097565667,73.46160886561454,651
2023-08-27,8,6,1,26.100072025433548,70.3790703108872,718
2023-08-28,8,0,0,27.212122489768515,71.2325864353486,567
2023-08-29,8,1,0,25.83084286789061,72.62419032203864,472
2023-08-30,8,2,0,24.162363015818364,68.76707322384237,541
2023-08-31,8,3,0,26.113497547815548,71.00065911186651,519
2023-09-01,9,4,0,21.93220737676157,71.09943530970496,387
2023-09-02,9,5,1,24.391683892726036,71.81137449778332,669
2023-09-03,9,6,1,26.69299983795363,73.17687490404677,697
2023-09-04,9,0,0,25.999026169903242,71.17795432810237,522
2023-09-05,9,1,0,25.571392494801632,70.34382344541793,444
2023-09-06,9,2,0,23.558832114576482,72.34425941288447,533
2023-09-07,9,3,0,18.174333876421933,72.57628821849039,390
2023-09-08,9,4,0,23.78857582748129,74.03355924978423,502
2023-09-09,9,5,1,25.70116649319729,73.42037663710127,720
2023-09-10,9,6,1,26.250256946476487,73.8522586580664,642
2023-09-11,9,0,0,24.355721635094746,71.19674251903618,500
2023-09-12,9,1,0,21.78014993007684,70.42600284359662,475
2023-09-13,9,2,0,20.56135607141141,74.7729607998285,446
2023-09-14,9,3,0,22.558538908050437,73.56396331020856,481
2023-09-15,9,4,0,24.817801641999445,75.51157822895291,494
2023-09-16,9,5,1,25.775863175514246,70.94709585724299,623
2023-09-17,9,6,1,20.14512523859257,71.02126791646624,607
2023-09-18,9,0,0,25.004470034690772,68.42771823495363,542
2023-09-19,9,1,0,25.290194803777975,70.78136463431247,533
2023-09-20,9,2,0,22.82242849252236,74.57491258166024,491
2023-09-21,9,3,0,24.645671819049717,73.03904694693504,476
2023-09-22,9,4,0,23.771362455899634,71.01686937187817,497
2023-09-23,9,5,1,24.943271296757526,72.74884506539964,647
2023-09-24,9,6,1,21.83413973366822,73.06223134860896,602
2023-09-25,9,0,0,23.154454251505857,73.97314496642339,482
2023-09-26,9,1,0,22.86219860028029,74.68931116871038,516
2023-09-27,9,2,0,20.687942760203956,74.96409884863176,448
2023-09-28,9,3,0,21.29420871438417,68.52454895542223,416
2023-09-29,9,4,0,24.94033203180006,76.99002584994727,513
2023-09-30,9,5,1,22.932134741438226,73.27642293320031,607
2023-10-01,10,6,1,17.740627215676646,70.36536430556082,555
2023-10-02,10,0,0,21.66498661192984,74.8023682681546,459
2023-10-03,10,1,0,19.415722128765438,73.76377002933707,398
2023-10-04,10,2,0,22.134936914938372,75.49295185969298,393
2023-10-05,10,3,0,20.717538922902,78.31617727654819,484
2023-10-06,10,4,0,19.489946411984864,73.44603925200059,405
2023-10-07,10,5,1,17.190591204571035,71.41460454224274,525
2023-10-08,10,6,1,18.17638584718443,72.84539663591255,553
2023-10-09,10,0,0,19.71220087000617,72.43427727395111,451
2023-10-10,10,1,0,21.355261828000764,74.72282487763243,446
2023-10-11,10,2,0,17.109485794728563,72.60364354626346,367
2023-10-12,10,3,0,19.19025615916029,74.29944819475571,419
2023-10-13,10,4,0,18.120435618482713,72.48639733817014,425
2023-10-14,10,5,1,21.419826482540504,72.02500894141659,601
2023-10-15,10,6,1,19.009386766468637,75.99083039068773,554
2023-10-16,10,0,0,17.080234136428803,72.82591973768544,400
2023-10-17,10,1,0,17.97083061696295,72.44311095958824,437
2023-10-18,10,2,0,20.574407787177808,73.33291525488285,431
2023-10-19,10,3,0,19.372158920360963,72.98523791910439,411
2023-10-20,10,4,0,21.53529021737871,74.62782124674612,423
2023-10-21,10,5,1,20.207620035226782,75.21051743386916,574
2023-10-22,10,6,1,18.519927267791044,72.23994417474539,604
2023-10-23,10,0,0,21.08122670893905,74.32252423572353,405
2023-10-24,10,1,0,23.022513140947506,77.59550083171571,503
2023-10-25,10,2,0,18.474377482615797,77.14913253964421,453
2023-10-26,10,3,0,19.55018791359663,71.60305456678344,418
2023-10-27,10,4,0,19.70105196455951,74.78812672305118,460
2023-10-28,10,5,1,20.03518492201458,71.18825782061853,552
2023-10-29,10,6,1,19.4654401571613,73.49323323811082,580
2023-10-30,10,0,0,19.95077650479954,78.21776126392203,421
2023-10-31,10,1,0,19.261547646195904,74.7272829744505,403
2023-11-01,11,2,0,14.442937328634692,73.12038532046061,382
2023-11-02,11,3,0,12.334575319197494,78.79294554983605,337
2023-11-03,11,4,0,13.921380295809593,70.33483482070623,400
2023-11-04,11,5,1,16.3048853479681,74.12521461406816,519
2023-11-05,11,6,1,13.165120996898919,75.1397667461982,492
2023-11-06,11,0,0,13.207767103055755,78.22243884670067,403
2023-11-07,11,1,0,14.450908594415164,74.29417816446023,399
2023-11-08,11,2,0,20.688915695264818,76.875897719374,470
2023-11-09,11,3,0,13.257987902374941,75.98175759496775,344
2023-11-10,11,4,0,17.512742621970837,74.92817623631586,414
2023-11-11,11,5,1,15.72511050941903,72.41463552826616,501
2023-11-12,11,6,1,14.733517371198065,74.58896224646843,447
2023-11-13,11,0,0,18.291610825363513,77.81030269561768,407
2023-11-14,11,1,0,16.848319680234827,73.11379817305638,350
2023-11-15,11,2,0,11.577680722674332,75.29369704602112,331
2023-11-16,11,3,0,16.61379070428961,74.85405356458655,351
2023-11-17,11,4,0,13.906723146672364,74.75281799109665,330
2023-11-18,11,5,1,13.911933746198807,78.77173838840011,505
2023-11-19,11,6,1,17.424350230246045,77.11983383684932,536
2023-11-20,11,0,0,10.889396517603736,75.2711269167344,335
2023-11-21,11,1,0,15.404378334672153,72.10221131769428,343
2023-11-22,11,2,0,17.47979841805265,75.56621731392268,435
2023-11-23,11,3,0,12.74073660410683,71.3284336890943,344
2023-11-24,11,4,0,14.48649480451671,73.7494707602006,342
2023-11-25,11,5,1,14.866864594830103,76.03798946300952,515
2023-11-26,11,6,1,16.47467678240567,77.55099990434628,516
2023-11-27,11,0,0,16.186142399411082,76.93206852287102,356
2023-11-28,11,1,0,13.879644054975312,71.83439503427748,375
2023-11-29,11,2,0,11.95512284159849,76.98068922816395,376
2023-11-30,11,3,0,15.81787350997916,75.66554346136519,360
2023-12-01,12,4,0,8.633608624338,76.50016004761167,304
2023-12-02,12,5,1,6.707447148056833,76.3456547292209,465
2023-12-03,12,6,1,7.925255464989334,73.99340657090636,484
2023-12-04,12,0,0,13.613866679700527,73.50114097203738,379
2023-12-05,12,1,0,5.606588338620851,76.75377015616365,368
2023-12-06,12,2,0,8.461573256888904,76.43811921874585,351
2023-12-07,12,3,0,11.480704597693764,76.0884445837556,394
2023-12-08,12,4,0,8.470556662294346,76.70953530053119,373
2023-12-09,12,5,1,13.247622146634573,73.25417163124312,451
2023-12-10,12,6,1,8.98509425588752,74.84694116671251,447
2023-12-11,12,0,0,8.425090977085254,76.47859436786416,293
2023-12-12,12,1,0,10.10219952190876,76.11229457009503,317
2023-12-13,12,2,0,8.28575653765414,74.67244329566338,320
2023-12-14,12,3,0,12.154933931144596,78.55251469427425,346
2023-12-15,12,4,0,7.3288890080992,74.60269517895979,410
2023-12-16,12,5,1,8.277331573829919,70.80863203056126,479
2023-12-17,12,6,1,8.794177142784603,74.5636286714317,541
2023-12-18,12,0,0,11.512578456776525,73.37910963262001,325
2023-12-19,12,1,0,9.229316660248998,75.98741118566652,346
2023-12-20,12,2,0,7.385878051567338,77.21053521125765,392
2023-12-21,12,3,0,9.210890548917755,75.83913517350177,288
2023-12-22,12,4,0,8.819205957041902,75.54119185906468,362
2023-12-23,12,5,1,12.148010620403962,77.55585753105078,505
2023-12-24,12,6,1,9.447269674092972,75.24741548171154,472
2023-12-25,12,0,0,8.579092004241437,76.66994406760821,307
2023-12-26,12,1,0,11.436916680341238,73.48349029561113,383
2023-12-27,12,2,0,8.550231889710345,76.6725100757173,324
2023-12-28,12,3,0,8.193162554687381,79.54520109857849,361
2023-12-29,12,4,0,9.346872587242538,78.11420785317128,318
2023-12-30,12,5,1,11.432790277646866,78.25600160847749,519
2023-12-31,12,6,1,6.241889274871493,75.18341793950557,511
2024-01-01,1,0,0,5.666864436958751,79.68336195513695,330
2024-01-02,1,1,0,4.809882456020529,78.17399677425274,371
2024-01-03,1,2,0,6.505806695618263,77.38590584434762,346
2024-01-04,1,3,0,7.8579851829674565,77.08639290555142,401
2024-01-05,1,4,0,5.9000344167491425,78.0502750884861,347
2024-01-06,1,5,1,4.594514938199021,75.55991022175088,510
2024-01-07,1,6,1,5.3181445102644584,82.10765363142647,521
2024-01-08,1,0,0,6.19850921406713,76.150284715375,370
2024-01-09,1,1,0,5.434824590974267,78.77538187770143,368
2024-01-10,1,2,0,2.699161957699459,77.41303642788601,330
2024-01-11,1,3,0,9.595136606925225,76.67236816928157,355
2024-01-12,1,4,0,6.076242939298506,74.51946875493228,328
2024-01-13,1,5,1,7.9129788005780135,78.80553920365854,466
2024-01-14,1,6,1,5.972762325981618,80.35562384881499,510
2024-01-15,1,0,0,5.227653530527663,78.22103658452569,349
2024-01-16,1,1,0,9.000670863833232,76.64408374007186,325
2024-01-17,1,2,0,8.143054792374887,75.52167502230975,393
2024-01-18,1,3,0,4.588811351377211,77.94506438750318,354
2024-01-19,1,4,0,8.360210190141474,78.37210747990258,357
2024-01-20,1,5,1,4.162332430446924,78.30390927406106,526
2024-01-21,1,6,1,11.15663485975829,79.66444949935914,499
2024-01-22,1,0,0,4.880130461726219,75.97922774064004,304
2024-01-23,1,1,0,7.012124426626528,78.1483724403727,335
2024-01-24,1,2,0,9.053067729359334,73.78080397512046,372
2024-01-25,1,3,0,7.135075468210706,78.53235974254565,321
2024-01-26,1,4,0,7.185223890272985,76.34466731302453,316
2024-01-27,1,5,1,7.737647274373396,73.71878268077785,465
2024-01-28,1,6,1,9.00018373786677,77.73059641800477,481
2024-01-29,1,0,0,5.620354706019985,80.64060760347074,408
2024-01-30,1,1,0,7.091436242148875,80.5330491018373,326
2024-01-31,1,2,0,4.608117961036247,73.94130466976426,383
2024-02-01,2,3,0,3.693291781958811,78.57675914676186,334
2024-02-02,2,4,0,4.572180470159092,77.64283992514373,316
2024-02-03,2,5,1,2.4392727165281083,76.30578271178861,523
2024-02-04,2,6,1,5.995121891804345,78.91138287523371,486
2024-02-05,2,0,0,6.1226210237592,77.1716617662729,339
2024-02-06,2,1,0,3.5045247769317105,75.26959740506837,320
2024-02-07,2,2,0,2.8733817747278265,79.55592455536424,332
2024-02-08,2,3,0,7.256421956520796,76.79020644384205,384
2024-02-09,2,4,0,6.221926933152558,77.99686251241555,338
2024-02-10,2,5,1,5.37069904081902,77.77048085449297,468
2024-02-11,2,6,1,3.4151968906794106,75.39017224431097,458
2024-02-12,2,0,0,6.472040912300827,77.71638709907958,367
2024-02-13,2,1,0,7.479250854586946,75.47889518473816,324
2024-02-14,2,2,0,5.452474603438493,74.60694161763102,321
2024-02-15,2,3,0,3.483157510676258,80.63434345073325,287
2024-02-16,2,4,0,6.198961802411628,83.27963835771115,309
2024-02-17,2,5,1,5.377879245075765,75.77978172407347,489
2024-02-18,2,6,1,4.014668795046674,82.64171757719568,493
2024-02-19,2,0,0,4.7987516032116355,73.39429086487006,381
2024-02-20,2,1,0,2.9431129902439026,78.88598499119809,311
2024-02-21,2,2,0,5.166553197307758,81.45881547699622,240
2024-02-22,2,3,0,5.8322191324717725,75.78052737662148,321
2024-02-23,2,4,0,7.25241815433356,75.83967911562581,365
2024-02-24,2,5,1,2.384131231743833,79.31598479685007,505
2024-02-25,2,6,1,6.211143019310438,74.70015947249067,484
2024-02-26,2,0,0,3.6166051525848553,80.65990076838574,370
2024-02-27,2,1,0,8.246830227684946,78.12016226730285,335
2024-02-28,2,2,0,4.870935244435838,82.45757367493552,314
2024-02-29,2,3,0,3.2934045666435874,72.78673634679608,409
2024-03-01,3,4,0,10.686696045061058,79.72262664451078,375
2024-03-02,3,5,1,6.532904008569836,77.99558159324488,519
2024-03-03,3,6,1,7.743981067647791,77.92191669289694,539
2024-03-04,3,0,0,5.46496589808161,74.58952596911175,348
2024-03-05,3,1,0,6.303409798472685,79.76893506815803,313
2024-03-06,3,2,0,6.759155326260769,80.41600035987803,298
2024-03-07,3,3,0,4.918455346760975,78.42497528776627,372
2024-03-08,3,4,0,7.291997752791739,78.94246550512423,346
2024-03-09,3,5,1,7.104857252286439,80.55711765205699,497
2024-03-10,3,6,1,4.597522280089792,76.05976156943818,501
2024-03-11,3,0,0,5.63216863575046,78.67717985987788,297
2024-03-12,3,1,0,11.011324054534471,77.8986252211377,318
2024-03-13,3,2,0,3.552401530483675,78.61052706534939,336
2024-03-14,3,3,0,5.564009800343623,79.47162904576287,319
2024-03-15,3,4,0,8.306564658472002,80.69625647646315,382
2024-03-16,3,5,1,2.9154543399940014,83.28889338661938,504
2024-03-17,3,6,1,7.942436440411222,81.00033122358751,491
2024-03-18,3,0,0,9.925761795721897,79.706248510823,324
2024-03-19,3,1,0,7.894171536421856,76.84202463252913,329
2024-03-20,3,2,0,9.758626823101745,79.2196397966228,375
2024-03-21,3,3,0,6.6520797417194135,74.17219783394876,374
2024-03-22,3,4,0,5.5318957904979085,80.95369825912324,375
2024-03-23,3,5,1,4.629231268763183,78.84527165448316,570
2024-03-24,3,6,1,3.8578973822543237,79.17743429238038,508
2024-03-25,3,0,0,6.305095694509051,79.79685080237203,327
2024-03-26,3,1,0,5.267478688079784,82.740238576849,330
2024-03-27,3,2,0,7.985460421700461,80.8662163246576,327
2024-03-28,3,3,0,6.234445252658181,79.74839851395183,307
2024-03-29,3,4,0,6.378001683577792,80.21777956931244,389
2024-03-30,3,5,1,6.602779751447424,81.65119111415599,481
2024-03-31,3,6,1,6.613478272860364,80.66753619553027,489
2024-04-01,4,0,0,11.650102809755722,82.21476990165286,342
2024-04-02,4,1,0,13.817012898168127,79.42307564285501,330
2024-04-03,4,2,0,9.182408182895195,74.48555580299995,318
2024-04-04,4,3,0,9.342888007046596,80.36155259585719,313
2024-04-05,4,4,0,6.530001117904321,79.66795415330937,324
2024-04-06,4,5,1,10.843590605781163,78.74801043306242,492
2024-04-07,4,6,1,9.953158983003641,79.15890521836337,460
2024-04-08,4,0,0,10.300346833481441,81.47138837810759,287
2024-04-09,4,1,0,12.052148721089967,79.21421453699107,303
2024-04-10,4,2,0,10.951187818880944,81.65069270815819,324
2024-04-11,4,3,0,10.345632119591118,77.40589975462801,356
2024-04-12,4,4,0,9.730630925430875,81.02706793351288,334
2024-04-13,4,5,1,11.454660796512144,85.55639804898449,470
2024-04-14,4,6,1,11.435776844234471,80.2634386792268,486
2024-04-15,4,0,0,9.304461560757165,80.41553792345297,294
2024-04-16,4,1,0,8.655973411622302,78.90061194682946,315
2024-04-17,4,2,0,9.058631860693863,84.23434934445733,297
2024-04-18,4,3,0,10.685540126842678,78.49711246384784,316
2024-04-19,4,4,0,12.487986485153016,80.71501594694769,337
2024-04-20,4,5,1,10.611998255711038,78.18467842915399,489
2024-04-21,4,6,1,12.333013566066956,82.3359504855601,480
2024-04-22,4,0,0,7.355596018989236,79.98312311651742,327
2024-04-23,4,1,0,13.132771405034386,81.08480501549296,353
2024-04-24,4,2,0,11.711094047759584,79.6233000571305,306
2024-04-25,4,3,0,9.221000354194778,79.31318018519134,328
2024-04-26,4,4,0,10.270088949995358,82.3431091702551,308
2024-04-27,4,5,1,8.668764485564926,81.9684444571539,557
2024-04-28,4,6,1,11.253062555144398,79.9392636845708,497
2024-04-29,4,0,0,6.828987177226743,79.71572564621403,304
2024-04-30,4,1,0,11.784488175499282,79.53346064185178,370
2024-05-01,5,2,0,13.286643632120466,82.68787217185304,339
2024-05-02,5,3,0,12.864507511815262,86.18957328388156,295
2024-05-03,5,4,0,15.85456302866348,79.35679184884646,342
2024-05-04,5,5,1,15.938978029063476,80.83643910731247,513
2024-05-05,5,6,1,14.193917590616195,80.70235299566669,467
2024-05-06,5,0,0,15.69478777159506,81.83568953972019,380
2024-05-07,5,1,0,15.543773683668123,83.95756826321008,306
2024-05-08,5,2,0,16.150743409242377,84.43793476378895,337
2024-05-09,5,3,0,17.83718874808251,81.2223406507601,338
2024-05-10,5,4,0,17.085960901306443,80.31537420812901,355
2024-05-11,5,5,1,14.443963368408028,82.83814533336114,537
2024-05-12,5,6,1,14.510381198629391,81.45787769810192,528
2024-05-13,5,0,0,16.474453144973566,80.5374699410852,339
2024-05-14,5,1,0,13.868564200452001,79.92822081865567,363
2024-05-15,5,2,0,16.06814701654373,83.29189793694154,374
2024-05-16,5,3,0,17.50444869850763,80.30899807933301,381
2024-05-17,5,4,0,12.205166288462136,83.54086913293601,344
2024-05-18,5,5,1,17.69164528198541,80.01775703576502,553
2024-05-19,5,6,1,12.434267528191846,83.34577445375639,473
2024-05-20,5,0,0,15.44014587607301,82.08482672074653,309
2024-05-21,5,1,0,11.790264926648478,80.23500603601983,283
2024-05-22,5,2,0,11.684320060675079,84.38292307970848,315
2024-05-23,5,3,0,16.226278779913837,86.03994234100367,354
2024-05-24,5,4,0,15.531616884814849,81.08678159815358,323
2024-05-25,5,5,1,17.951879007701795,81.40966402748799,561
2024-05-26,5,6,1,12.473146623669443,82.61639539475554,471
2024-05-27,5,0,0,17.48942462768799,84.09370122923147,382
2024-05-28,5,1,0,14.195029958229613,83.98111964734431,331
2024-05-29,5,2,0,15.21108579773758,81.7147628162517,339
2024-05-30,5,3,0,12.879021688737147,83.91972183635349,305
2024-05-31,5,4,0,13.46220829859986,81.81486437384096,302
2024-06-01,6,5,1,19.164030256721773,83.31255575383808,561
2024-06-02,6,6,1,21.657618555312727,82.45382021849883,558
2024-06-03,6,0,0,21.836382256599432,80.33411999861237,446
2024-06-04,6,1,0,15.281316056367007,83.72731715417365,304
2024-06-05,6,2,0,17.378726148284727,83.00228623593898,411
2024-06-06,6,3,0,19.71521877183059,80.8310825154046,405
2024-06-07,6,4,0,18.977645690064296,81.30201605271878,429
2024-06-08,6,5,1,16.376984686714657,80.23356962595535,448
2024-06-09,6,6,1,16.663119267787216,82.03398375875399,557
2024-06-10,6,0,0,22.08288835722164,86.14785831318292,504
2024-06-11,6,1,0,18.017942461227296,81.14140804739971,365
2024-06-12,6,2,0,21.774494772918608,82.93135320843307,416
2024-06-13,6,3,0,19.3767967241159,84.66464467375084,395
2024-06-14,6,4,0,18.48104937943649,81.65594667608929,367
2024-06-15,6,5,1,20.68975269724596,85.66219315393539,560
2024-06-16,6,6,1,21.934078955612918,83.32905616489118,596
2024-06-17,6,0,0,18.53456664482206,82.81014380821917,363
2024-06-18,6,1,0,20.248224485562755,84.83898733031435,384
2024-06-19,6,2,0,21.541601322905095,81.86248158695024,401
2024-06-20,6,3,0,18.06128836563314,82.45188507542434,355
2024-06-21,6,4,0,18.46550929182209,82.80227471552153,399
2024-06-22,6,5,1,18.19219037591989,78.9191498335044,539
2024-06-23,6,6,1,17.725619563736817,86.19430363309161,485
2024-06-24,6,0,0,19.713337436634692,86.80162189373945,412
2024-06-25,6,1,0,20.084292505244548,83.73517855160162,373
2024-06-26,6,2,0,21.322419478702017,85.52767657627439,451
2024-06-27,6,3,0,19.097642599260954,82.26956711958663,349
2024-06-28,6,4,0,23.222701985868486,81.26058416516977,478
2024-06-29,6,5,1,20.689222289335707,81.66346814253562,550
2024-06-30,6,6,1,22.062892634635595,84.06500205183109,603
2024-07-01,7,0,0,21.30227806687882,84.57111851881864,452
2024-07-02,7,1,0,22.055262833468785,84.70052369035481,440
2024-07-03,7,2,0,21.397430295448345,82.27597864315351,428
2024-07-04,7,3,0,23.7435123062548,83.05662273701466,486
2024-07-05,7,4,0,23.886050990180365,82.66099476124032,473
2024-07-06,7,5,1,25.424503283837407,84.84441480298138,632
2024-07-07,7,6,1,25.940296009645305,85.81597584034552,572
2024-07-08,7,0,0,23.632772791529916,85.0126572502571,457
2024-07-09,7,1,0,21.873223535097594,78.40264534708375,403
2024-07-10,7,2,0,24.038721138020264,79.37151192162072,474
2024-07-11,7,3,0,28.05409755833267,84.87191534098544,487
2024-07-12,7,4,0,23.456099225875754,84.83059579558959,536
2024-07-13,7,5,1,20.92406682272092,79.96754714965903,597
2024-07-14,7,6,1,22.50584132246626,80.39821910346312,614
2024-07-15,7,0,0,23.05254891087999,82.16762835632451,407
2024-07-16,7,1,0,20.41434261796196,85.47839986817425,399
2024-07-17,7,2,0,22.21625983886285,81.24676628325965,403
2024-07-18,7,3,0,23.453626856898378,83.74591701903539,443
2024-07-19,7,4,0,25.80745451133286,87.74875962120186,484
2024-07-20,7,5,1,26.854687823662456,82.27537710900008,674
2024-07-21,7,6,1,26.668609147961554,82.93955811218268,630
2024-07-22,7,0,0,24.625924252641934,86.01005362042892,463
2024-07-23,7,1,0,22.093713484973925,82.83991625022558,483
2024-07-24,7,2,0,25.274907749850247,83.71551393202208,484
2024-07-25,7,3,0,25.952881867678997,86.19690437781419,521
2024-07-26,7,4,0,23.27015377757365,81.51183332921316,473
2024-07-27,7,5,1,21.90618707019278,82.4472345294015,587
2024-07-28,7,6,1,22.42377501021495,84.79081491124855,589
2024-07-29,7,0,0,24.181902833383937,82.98193452409588,451
2024-07-30,7,1,0,21.098199260431166,85.58602546316371,409
2024-07-31,7,2,0,24.233568037460007,85.98452915254914,494
2024-08-01,8,3,0,25.3547700067284,83.68015033317111,504
2024-08-02,8,4,0,24.25473167230062,82.62388431954989,472
2024-08-03,8,5,1,25.254431340180204,82.21767008670393,618
2024-08-04,8,6,1,25.947604246753638,83.26384936749729,647
2024-08-05,8,0,0,27.12343331073573,86.354219320454,537
2024-08-06,8,1,0,28.17873508789929,84.87683611984203,508
2024-08-07,8,2,0,27.50375530124573,89.4200056926865,566
2024-08-08,8,3,0,23.254366383388096,86.15689298337277,488
2024-08-09,8,4,0,24.072414304260228,84.17331166238218,427
2024-08-10,8,5,1,26.505221283253128,81.73182344827299,687
2024-08-11,8,6,1,24.157059720749245,84.01067577441057,619
2024-08-12,8,0,0,22.68958354824229,85.19120283478041,459
2024-08-13,8,1,0,24.455123456951597,85.72182767888286,447
2024-08-14,8,2,0,22.993243904752994,84.06466748312143,406
2024-08-15,8,3,0,26.243118040986204,84.04372578175897,541
2024-08-16,8,4,0,24.93043319878502,84.24935384472559,515
2024-08-17,8,5,1,24.872873888965668,82.92806603226796,651
2024-08-18,8,6,1,24.219617697381278,82.963205338968,668
2024-08-19,8,0,0,23.28583931997157,85.55828504484114,480
2024-08-20,8,1,0,26.0072885892891,86.61470367075701,479
2024-08-21,8,2,0,24.268033871384574,85.45960486240527,465
2024-08-22,8,3,0,21.77352799504174,81.96291210938433,426
2024-08-23,8,4,0,22.27911025354788,86.85142525480076,394
2024-08-24,8,5,1,24.096653510370682,85.57424345923563,614
2024-08-25,8,6,1,23.421790163094645,87.33166471658197,670
2024-08-26,8,0,0,24.01336698356681,85.17775661433161,467
2024-08-27,8,1,0,25.623333752760114,84.74524812365586,479
2024-08-28,8,2,0,24.304973161238863,84.2011078036988,470
2024-08-29,8,3,0,26.827530941599402,85.24963251656601,493
2024-08-30,8,4,0,25.32045823648468,84.36144054431688,470
2024-08-31,8,5,1,19.52683150738023,81.55145947676228,507
2024-09-01,9,6,1,20.857514742254516,85.75024785223228,506
2024-09-02,9,0,0,24.597023345431914,87.14663921364695,548
2024-09-03,9,1,0,23.880092262947766,84.53010058759789,476
2024-09-04,9,2,0,24.367804284732173,84.9589641992454,481
2024-09-05,9,3,0,28.91779202287456,85.26879524718512,501
2024-09-06,9,4,0,19.987405956008665,84.42550559223452,385
2024-09-07,9,5,1,22.800314774494293,87.50998922300116,636
2024-09-08,9,6,1,21.938260216830443,85.829220287818,593
2024-09-09,9,0,0,19.625174380106685,82.12664764751229,444
2024-09-10,9,1,0,25.01672432194483,84.59132268879478,503
2024-09-11,9,2,0,19.612513644604658,83.72606926505597,360
2024-09-12,9,3,0,25.172523424798168,87.20302183063784,505
2024-09-13,9,4,0,23.10451533994654,85.84675941934105,462
2024-09-14,9,5,1,24.312117504087436,82.17849612569668,610
2024-09-15,9,6,1,25.944500658406547,84.92620937568783,629
2024-09-16,9,0,0,26.134765709121496,85.35593100926707,418
2024-09-17,9,1,0,24.50991482196074,87.55229171302682,485
2024-09-18,9,2,0,26.54827625279453,85.65828400082825,491
2024-09-19,9,3,0,25.063260182367692,88.56264057213956,530
2024-09-20,9,4,0,20.406779278542174,87.82816316295322,371
2024-09-21,9,5,1,23.58391585298422,90.18880361737486,612
2024-09-22,9,6,1,23.693006520265467,85.80578272191578,624
2024-09-23,9,0,0,24.56846633679251,84.76017567376896,498
2024-09-24,9,1,0,24.832081677215886,88.20414934514817,458
2024-09-25,9,2,0,24.557786523996427,88.18973125664498,498
2024-09-26,9,3,0,22.76773998875626,89.16173989884868,420
2024-09-27,9,4,0,24.665823403601458,86.4052160555929,509
2024-09-28,9,5,1,21.336421199232817,85.59397272615094,571
2024-09-29,9,6,1,25.091561714344078,87.06484672865281,663
2024-09-30,9,0,0,19.80522081515517,87.66950547366578,374
2024-10-01,10,1,0,21.381382793651316,89.33852093714108,433
2024-10-02,10,2,0,23.803587447111855,89.56382746745868,444
2024-10-03,10,3,0,22.373015783062332,87.05092073583535,463
2024-10-04,10,4,0,20.575598542522066,86.85068529977167,394
2024-10-05,10,5,1,21.28224336087303,88.6602076943228,540
2024-10-06,10,6,1,21.619832712396548,85.90080524122948,623
2024-10-07,10,0,0,20.053204256663875,89.39634132123479,404
2024-10-08,10,1,0,19.950046187094433,83.66709737378858,439
2024-10-09,10,2,0,20.02584123553015,83.84581291356561,437
2024-10-10,10,3,0,22.21097510412697,86.06794878075685,445
2024-10-11,10,4,0,17.34979751681893,90.33045056145676,360
2024-10-12,10,5,1,18.736265459724184,88.57385640769994,533
2024-10-13,10,6,1,16.131192828053813,88.41260203716989,480
2024-10-14,10,0,0,24.497732035147664,87.88760844411829,392
2024-10-15,10,1,0,18.949568861462534,86.46670539474184,378
2024-10-16,10,2,0,20.351229047520736,89.5792322112151,416
2024-10-17,10,3,0,20.48743757475189,88.58692168580846,382
2024-10-18,10,4,0,22.56505353707286,89.69426497310813,438
2024-10-19,10,5,1,17.75516703820744,86.27654336197635,549
2024-10-20,10,6,1,23.007832360029532,84.80422455388474,552
2024-10-21,10,0,0,18.10743302921714,87.42389153684607,374
2024-10-22,10,1,0,20.10974843812092,86.53525643968953,418
2024-10-23,10,2,0,17.966628637691592,90.23172273536791,361
2024-10-24,10,3,0,19.258858517135092,92.936727267391,372
2024-10-25,10,4,0,21.333152793098197,90.21268466828509,478
2024-10-26,10,5,1,24.50811642313791,89.91705526363396,646
2024-10-27,10,6,1,22.360278106972544,90.29696864629652,599
2024-10-28,10,0,0,22.41739445788729,87.11168583329662,365
2024-10-29,10,1,0,21.257300270816295,88.25307993064466,421
2024-10-30,10,2,0,21.00594457017766,87.82368507308158,400
2024-10-31,10,3,0,21.846655791396817,88.12368975418491,423
2024-11-01,11,4,0,18.88833799121561,88.1952285049523,397
2024-11-02,11,5,1,12.815235810684932,83.82398973935949,491
2024-11-03,11,6,1,14.965512155258562,89.41944621707219,540
2024-11-04,11,0,0,15.901459938282953,85.98998380312567,312
2024-11-05,11,1,0,18.445011502502723,86.56750825388869,370
2024-11-06,11,2,0,16.6299731036078,88.38075433457853,334
2024-11-07,11,3,0,17.51985434089535,87.2125177831107,379
2024-11-08,11,4,0,15.934882211845665,88.27301140235103,330
2024-11-09,11,5,1,14.50918433493509,87.69268324904257,439
2024-11-10,11,6,1,18.079974148183716,86.21169168700241,532
2024-11-11,11,0,0,16.1375028931432,90.70532058777698,334
2024-11-12,11,1,0,14.513857223746935,84.61129918608356,296
2024-11-13,11,2,0,12.835926248459804,92.70070640444447,310
2024-11-14,11,3,0,12.704826673143428,87.78033279327558,312
2024-11-15,11,4,0,15.803624110744574,89.0237527222052,364
2024-11-16,11,5,1,14.535541721344526,84.32097944173606,452
2024-11-17,11,6,1,11.126203523692869,87.60329923672131,430
2024-11-18,11,0,0,16.204032634394622,88.81043359043043,346
2024-11-19,11,1,0,12.553685718263946,89.13996030637892,302
2024-11-20,11,2,0,13.087579853971922,88.20144089564944,269
2024-11-21,11,3,0,15.724265116611456,87.79391008246049,323
2024-11-22,11,4,0,13.26056459370577,91.04394878805337,374
2024-11-23,11,5,1,16.95986310630926,86.26684778505783,510
2024-11-24,11,6,1,14.946697135048124,91.10666679376351,481
2024-11-25,11,0,0,17.80059333454237,88.94076043457224,398
2024-11-26,11,1,0,15.522238171186327,86.88391819521163,346
2024-11-27,11,2,0,15.040549264569586,88.15594065676271,333
2024-11-28,11,3,0,13.792161186040897,87.07308220315603,325
2024-11-29,11,4,0,14.649291063326062,87.20573772401004,371
2024-11-30,11,5,1,13.704590868489266,90.621361942556,468
2024-12-01,12,6,1,8.775577683371676,92.00447160390529,497
2024-12-02,12,0,0,10.683440940023484,92.4669136183892,266
2024-12-03,12,1,0,11.124651858221364,90.0743191144685,245
2024-12-04,12,2,0,10.658783323095745,89.74578637192195,320
2024-12-05,12,3,0,7.942759539952851,86.65707188850806,321
2024-12-06,12,4,0,12.471464107073507,87.33282263249691,340
2024-12-07,12,5,1,7.038501872900494,84.82733339690638,490
2024-12-08,12,6,1,9.461136361753868,92.40790926238753,504
2024-12-09,12,0,0,9.800437066926962,90.76495265978944,283
2024-12-10,12,1,0,11.186432798677112,88.98933238290584,310
2024-12-11,12,2,0,8.63112254708445,94.21582208903247,316
2024-12-12,12,3,0,9.911049853421225,91.60932938749653,309
2024-12-13,12,4,0,10.157243195738152,88.27065076071278,301
2024-12-14,12,5,1,10.474435268598256,90.12355159933422,494
2024-12-15,12,6,1,13.99862826701942,92.34566289836124,477
2024-12-16,12,0,0,13.102287484277714,89.30450940537892,337
2024-12-17,12,1,0,7.824189174696018,90.7930819850513,316
2024-12-18,12,2,0,12.506778763372921,89.74537875447837,278
2024-12-19,12,3,0,9.696460462548469,90.87423824840363,359
2024-12-20,12,4,0,7.2752188122326675,88.62194537179641,265
2024-12-21,12,5,1,9.892479326303897,89.94382024256673,496
2024-12-22,12,6,1,8.69832249810284,89.67297055192248,475
2024-12-23,12,0,0,10.828742245113153,87.9802997025543,333
2024-12-24,12,1,0,9.047552052427685,92.88045610177242,230
2024-12-25,12,2,0,9.784031726413293,88.40888867739737,368
2024-12-26,12,3,0,10.244816505813068,90.9173618411983,316
2024-12-27,12,4,0,9.718761685317617,86.36809714043021,334
2024-12-28,12,5,1,8.061429868612935,90.2347633167097,425
2024-12-29,12,6,1,13.299216674895249,92.03250127342024,473
2024-12-30,12,0,0,12.893744506104776,91.01342426524589,369
2024-12-31,12,1,0,9.338622073473836,90.13949349324041,321
